<?xml version="1.0"?>
<ResourceManifest>
<Resources id="LoadingReanims">
  
<SetDefaults path="reanim" idprefix="REANIM_"/>
  
  <Reanim id="LOADBAR_SPROUT" path="loadbar_sprout" />
  <Reanim id="LOADBAR_ZOMBIEHEAD" path="loadbar_zombiehead" />
  <Reanim id="SODROLL" path="sodroll" />
  <Reanim id="FINAL_WAVE" path="finalwave" />
  <Reanim id="PEASHOOTER" path="peashootersingle" />
  <Reanim id="WALLNUT" path="wallnut" />
  <Reanim id="LILYPAD" path="lilypad" />
  <Reanim id="SUNFLOWER" path="sunflower" />
  <Reanim id="LAWNMOWER" path="lawnmower" />
  <Reanim id="READYSETPLANT" path="startreadysetplant" />
  <Reanim id="CHERRYBOMB" path="cherrybomb" />
  <Reanim id="SQUASH" path="squash" />
  <Reanim id="DOOMSHROOM" path="doomshroom" />
  <Reanim id="SNOWPEA" path="snowpea" />
  <Reanim id="REPEATER" path="peashooter" />
  <Reanim id="SUNSHROOM" path="sunshroom" />
  <Reanim id="TALLNUT" path="tallnut" />
  <Reanim id="FUMESHROOM" path="fumeshroom" />
  <Reanim id="PUFFSHROOM" path="puffshroom" />
  <Reanim id="HYPNOSHROOM" path="hypnoshroom" />
  <Reanim id="CHOMPER" path="chomper" />
  <Reanim id="ZOMBIE" path="zombie" />
  <Reanim id="SUN" path="sun" />
  <Reanim id="POTATOMINE" path="potatomine" />
  <Reanim id="SPIKEWEED" path="caltrop" />
  <Reanim id="SPIKEROCK" path="spikerock" />
  <Reanim id="THREEPEATER" path="threepeater" />
  <Reanim id="MARIGOLD" path="marigold" />
  <Reanim id="ICESHROOM" path="iceshroom" />
  <Reanim id="ZOMBIE_FOOTBALL" path="zombie_football" />
  <Reanim id="ZOMBIE_NEWSPAPER" path="zombie_paper" />
  <Reanim id="ZOMBIE_ZAMBONI" path="zombie_zamboni" />
  <Reanim id="SPLASH" path="splash" />
  <Reanim id="JALAPENO" path="jalapeno" />
  <Reanim id="JALAPENO_FIRE" path="fire" />
  <Reanim id="COIN_SILVER" path="coin_silver" />
  <Reanim id="ZOMBIE_CHARRED" path="zombie_charred" />
  <Reanim id="ZOMBIE_CHARRED_IMP" path="zombie_charred_imp" />
  <Reanim id="ZOMBIE_CHARRED_DIGGER" path="zombie_charred_digger" />
  <Reanim id="ZOMBIE_CHARRED_ZAMBONI" path="zombie_charred_zamboni" />
  <Reanim id="ZOMBIE_CHARRED_CATAPULT" path="zombie_charred_catapult" />
  <Reanim id="ZOMBIE_CHARRED_GARGANTUAR" path="zombie_charred_gargantuar" />
  <Reanim id="SCRAREYSHROOM" path="scaredyshroom" />
  <Reanim id="PUMPKIN" path="pumpkin" />
  <Reanim id="PLANTERN" path="plantern" />
  <Reanim id="TORCHWOOD" path="torchwood" />
  <Reanim id="SPLITPEA" path="splitpea" />
  <Reanim id="SEASHROOM" path="seashroom" />
  <Reanim id="BLOVER" path="blover" />
  <Reanim id="FLOWER_POT" path="pot" />
  <Reanim id="CACTUS" path="cactus" />
  <Reanim id="DANCER" path="zombie_jackson" />
  <Reanim id="TANGLEKELP" path="tanglekelp" />
  <Reanim id="STARFRUIT" path="starfruit" />
  <Reanim id="POLEVAULTER" path="zombie_polevaulter" />
  <Reanim id="BALLOON" path="zombie_balloon" />
  <Reanim id="GARGANTUAR" path="zombie_gargantuar" />
  <Reanim id="IMP" path="zombie_imp" />
  <Reanim id="DIGGER" path="zombie_digger" />
  <Reanim id="DIGGER_DIRT" path="digger_rising_dirt" />
  <Reanim id="ZOMBIE_DOLPHINRIDER" path="zombie_dolphinrider" />
  <Reanim id="POGO" path="zombie_pogo" />
  <Reanim id="BACKUP_DANCER" path="zombie_dancer" />
  <Reanim id="BOBSLED" path="zombie_bobsled" />
  <Reanim id="JACKINTHEBOX" path="zombie_jackbox" />
  <Reanim id="SNORKEL" path="zombie_snorkle" />
  <Reanim id="BUNGEE" path="zombie_bungi" />
  <Reanim id="CATAPULT" path="zombie_catapult" />
  <Reanim id="LADDER" path="zombie_ladder" />
  <Reanim id="PUFF" path="puff" />
  <Reanim id="SLEEPING" path="z" />
  <Reanim id="GRAVE_BUSTER" path="gravebuster" />
  <Reanim id="ZOMBIES_WON" path="zombieswon" />
  <Reanim id="MAGNETSHROOM" path="magnetshroom" />
  <Reanim id="BOSS" path="zombie_boss" />
  <Reanim id="CABBAGEPULT" path="cabbagepult" />
  <Reanim id="KERNELPULT" path="cornpult" />
  <Reanim id="MELONPULT" path="melonpult" />
  <Reanim id="COFFEEBEAN" path="coffeebean" />
  <Reanim id="UMBRELLALEAF" path="umbrellaleaf" />
  <Reanim id="GATLINGPEA" path="gatlingpea" />
  <Reanim id="CATTAIL" path="cattail" />
  <Reanim id="GLOOMSHROOM" path="gloomshroom" />
  <Reanim id="BOSS_ICEBALL" path="zombie_boss_iceball" />
  <Reanim id="BOSS_FIREBALL" path="zombie_boss_fireball" />
  <Reanim id="COBCANNON" path="cobcannon" />
  <Reanim id="GARLIC" path="garlic" />
  <Reanim id="GOLD_MAGNET" path="goldmagnet" />
  <Reanim id="WINTER_MELON" path="wintermelon" />
  <Reanim id="TWIN_SUNFLOWER" path="twinsunflower" />
  <Reanim id="POOL_CLEANER" path="poolcleaner" />
  <Reanim id="ROOF_CLEANER" path="roofcleaner" />
  <Reanim id="FIRE_PEA" path="firepea" />
  <Reanim id="IMITATER" path="imitater" />
  <Reanim id="YETI" path="zombie_yeti" />
  <Reanim id="BOSS_DRIVER" path="zombie_boss_driver" />
  <Reanim id="LAWN_MOWERED_ZOMBIE" path="lawnmoweredzombie" />
  <Reanim id="CRAZY_DAVE" path="crazydave" />
  <Reanim id="TEXT_FADE_ON" path="textfadeon" />
  <Reanim id="HAMMER" path="hammer" />
  <Reanim id="SLOT_MACHINE_HANDLE" path="slotmachine" />
  <Reanim id="SELECTOR_SCREEN" path="selectorscreen" />
  <Reanim id="PORTAL_CIRCLE" path="portal_circle" />
  <Reanim id="PORTAL_SQUARE" path="portal_square" />
  <Reanim id="ZENGARDEN_SPROUT" path="zengarden_sprout" />
  <Reanim id="ZENGARDEN_WATERINGCAN" path="zengarden_wateringcan" />
  <Reanim id="ZENGARDEN_FERTILIZER" path="zengarden_fertilizer" />
  <Reanim id="ZENGARDEN_BUGSPRAY" path="zengarden_bugspray" />
  <Reanim id="ZENGARDEN_PHONOGRAPH" path="zengarden_phonograph" />
  <Reanim id="MONEYBAG" path="moneybag" />
  <Reanim id="DIAMOND" path="diamond" />
  <Reanim id="RAKE" path="rake" />
  <Reanim id="RAIN_CIRCLE" path="rain_circle" />
  <Reanim id="RAIN_SPLASH" path="rain_splash" />
  <Reanim id="ZOMBIE_SURPRISE" path="zombie_surprise" />
  <Reanim id="COIN_GOLD" path="coin_gold" />
  <Reanim id="TREE_OF_WISDOM" path="treeofwisdom" />
  <Reanim id="TREE_OF_WISDOM_CLOUDS" path="treeofwisdomclouds" />
  <Reanim id="CREDITS_MAIN" path="credits_main" />
  <Reanim id="CREDITS_MAIN2" path="credits_main2" />
  <Reanim id="CREDITS_MAIN3" path="credits_main3" />
  <Reanim id="ZOMBIE_CREDITS_DANCE" path="zombie_credits_dance" />
  <Reanim id="CREDITS_STAGE" path="credits_stage" />
  <Reanim id="CREDITS_BIGBRAIN" path="credits_bigbrain" />
  <Reanim id="CREDITS_FLOWER_PETALS" path="credits_flower_petals" />
  <Reanim id="CREDITS_INFANTRY" path="credits_infantry" />
  <Reanim id="CREDITS_THROAT" path="credits_throat" />
  <Reanim id="CREDITS_CRAZYDAVE" path="credits_crazydave" />
  <Reanim id="CREDITS_BOSSDANCE" path="credits_bossdance" />
  <Reanim id="ZOMBIE_CREDITS_SCREEN_DOOR" path="zombie_credits_screendoor" />
  <Reanim id="ZOMBIE_CREDITS_CONEHEAD" path="zombie_credits_conehead" />
  <Reanim id="CREDITS_ZOMBIEARMY1" path="credits_zombiearmy1" />
  <Reanim id="CREDITS_ZOMBIEARMY2" path="credits_zombiearmy2" />
  <Reanim id="CREDITS_TOMBSTONES" path="credits_tombstones" />
  <Reanim id="CREDITS_SOLARPOWER" path="credits_solarpower" />
  <Reanim id="CREDITS_ANYHOUR" path="credits_anyhour" />
  <Reanim id="CREDITS_WEARETHEUNDEAD" path="credits_wearetheundead" />
  <Reanim id="CREDITS_DISCOLIGHTS" path="credits_discolights" />
  <Reanim id="TREE_FOOD" path="treefood" />
  <Reanim id="ZOMBIE_FLAGPOLE" path="zombie_flagpole" />
  <Reanim id="WOODSIGN" path="woodsign" />
  <Reanim id="CROW" path="menu_crow" />
  
</Resources>

<Resources id="LoadingParticles">

<SetDefaults path="particles" idprefix="PARTICLE_" />

  <Particle id="MELONSPLASH" path="melonimpact" />
  <Particle id="WINTERMELON" path="wintermelonimpact" />
  <Particle id="FUMECLOUD" path="fumecloud" />
  <Particle id="POPCORNSPLASH" path="popcornsplash" />
  <Particle id="POWIE" path="powie" />
  <Particle id="JACKEXPLODE" path="jackexplode" />
  <Particle id="ZOMBIE_HEAD" path="zombiehead" />
  <Particle id="ZOMBIE_ARM" path="zombiearm" />
  <Particle id="ZOMBIE_TRAFFIC_CONE" path="zombietrafficcone" />
  <Particle id="ZOMBIE_PAIL" path="zombiepail" />
  <Particle id="ZOMBIE_HELMET" path="zombiehelmet" />
  <Particle id="ZOMBIE_FLAG" path="zombieflag" />
  <Particle id="ZOMBIE_DOOR" path="zombiedoor" />
  <Particle id="ZOMBIE_NEWSPAPER" path="zombienewspaper" />
  <Particle id="ZOMBIE_HEADLIGHT" path="zombieheadlight" />
  <Particle id="POW" path="pow" />
  <Particle id="ZOMBIE_POGO" path="zombiepogo" />
  <Particle id="ZOMBIE_NEWSPAPER_HEAD" path="zombienewspaperhead" />
  <Particle id="ZOMBIE_BALLOON_HEAD" path="zombieballoonhead" />
  <Particle id="SOD_ROLL" path="sodroll" />
  <Particle id="GRAVE_STONE_RISE" path="gravestonerise" />
  <Particle id="PLANTING" path="planting" />
  <Particle id="PLANTING_POOL" path="plantingpool" />
  <Particle id="ZOMBIE_RISE" path="zombierise" />
  <Particle id="GRAVE_BUSTER" path="gravebuster" />
  <Particle id="GRAVE_BUSTER_DIE" path="gravebusterdie" />
  <Particle id="POOL_SPLASH" path="poolsplash" />
  <Particle id="ICE_SPARKLE" path="icesparkle" />
  <Particle id="SEED_PACKET" path="seedpacket" />
  <Particle id="TALL_NUT_BLOCK" path="tallnutblock" />
  <Particle id="DOOM" path="doom" />
  <Particle id="DIGGER_RISE" path="diggerrise" />
  <Particle id="DIGGER_TUNNEL" path="diggertunnel" />
  <Particle id="DANCER_RISE" path="dancerrise" />
  <Particle id="POOL_SPARKLY" path="poolsparkly" />
  <Particle id="WALLNUT_EAT_SMALL" path="wallnuteatsmall" />
  <Particle id="WALLNUT_EAT_LARGE" path="wallnuteatlarge" />
  <Particle id="PEA_SPLAT" path="peasplat" />
  <Particle id="BUTTER_SPLAT" path="buttersplat" />
  <Particle id="CABBAGE_SPLAT" path="cabbagesplat" />
  <Particle id="PUFF_SPLAT" path="puffsplat" />
  <Particle id="STAR_SPLAT" path="starsplat" />
  <Particle id="ICE_TRAP" path="icetrap" />
  <Particle id="SNOWPEA_SPLAT" path="snowpeasplat" />
  <Particle id="SNOWPEA_PUFF" path="snowpeapuff" />
  <Particle id="SNOWPEA_TRAIL" path="snowpeatrail" />
  <Particle id="LANTERN_SHINE" path="lanternshine" />
  <Particle id="SEED_PACKET_PICKUP" path="award" />
  <Particle id="POTATO_MINE" path="potatomine" />
  <Particle id="POTATO_MINE_RISE" path="potatominerise" />
  <Particle id="PUFFSHROOM_TRAIL" path="puffshroomtrail" />
  <Particle id="PUFFSHROOM_MUZZLE" path="puffshroommuzzle" />
  <Particle id="SEED_PACKET_FLASH" path="seedpacketflash" />
  <Particle id="WHACK_A_ZOMBIE_RISE" path="whackazombierise" />
  <Particle id="ZOMBIE_LADDER" path="zombieladder" />
  <Particle id="UMBRELLA_REFLECT" path="umbrellareflect" />
  <Particle id="SEED_PACKET_PICK" path="seedpacketpick" />
  <Particle id="ICE_TRAP_ZOMBIE" path="icetrapzombie" />
  <Particle id="ICE_TRAP_RELEASE" path="icetraprelease" />
  <Particle id="ZAMBONI_SMOKE" path="zambonismoke" />
  <Particle id="GLOOMCLOUD" path="gloomcloud" />
  <Particle id="ZOMBIE_POGO_HEAD" path="zombiepogohead" />
  <Particle id="ZAMBONI_TIRE" path="zambonitire" />
  <Particle id="ZAMBONI_EXPLOSION" path="zamboniexplosion" />
  <Particle id="ZAMBONI_EXPLOSION2" path="zamboniexplosion2" />
  <Particle id="CATAPULT_EXPLOSION" path="catapultexplosion" />
  <Particle id="MOWER_CLOUD" path="mowercloud" />
  <Particle id="BOSS_ICE_BALL" path="bossiceballtrail" />
  <Particle id="BLASTMARK" path="blastmark" />
  <Particle id="COIN_PICKUP_ARROW" path="coinpickuparrow" />
  <Particle id="PRESENT_PICKUP" path="presentpickup" />
  <Particle id="IMITATER_MORPH" path="imitatermorph" />
  <Particle id="MOWERED_ZOMBIE_HEAD" path="moweredzombiehead" />
  <Particle id="MOWERED_ZOMBIE_ARM" path="moweredzombiearm" />
  <Particle id="ZOMBIE_HEAD_POOL" path="zombieheadpool" />
  <Particle id="ZOMBIE_BOSS_FIREBALL" path="zombie_boss_fireball" />
  <Particle id="FIREBALL_DEATH" path="fireballdeath" />
  <Particle id="ICEBALL_DEATH" path="iceballdeath" />
  <Particle id="ICEBALL_TRAIL" path="iceball_trail" />
  <Particle id="FIREBALL_TRAIL" path="fireball_trail" />
  <Particle id="BOSS_EXPLOSION" path="bossexplosion" />
  <Particle id="SCREEN_FLASH" path="screenflash" />
  <Particle id="TROPHY_SPARKLE" path="trophysparkle" />
  <Particle id="PORTAL_CIRCLE" path="portalcircle" />
  <Particle id="PORTAL_SQUARE" path="portalsquare" />
  <Particle id="POTTED_PLANT_GLOW" path="pottedplantglow" />
  <Particle id="POTTED_WATER_PLANT_GLOW" path="pottedwaterplantglow" />
  <Particle id="POTTED_ZEN_GLOW" path="pottedzenglow" />
  <Particle id="MIND_CONTROL" path="mindcontrol" />
  <Particle id="VASE_SHATTER" path="vaseshatter" />
  <Particle id="VASE_SHATTER_LEAF" path="vaseshatterleaf" />
  <Particle id="VASE_SHATTER_ZOMBIE" path="vaseshatterzombie" />
  <Particle id="AWARD_PICKUP_ARROW" path="awardpickuparrow" />
  <Particle id="ZOMBIE_SEAWEED" path="zombie_seaweed" />
  <Particle id="ZOMBIE_MUSTACHE" path="zombiemustache" />
  <Particle id="ZOMBIE_FUTURE_GLASSES" path="zombiefutureglasses" />
  <Particle id="PINATA" path="pinata" />
  <Particle id="DUST_SQUASH" path="dust_squash" />
  <Particle id="DUST_FOOT" path="dust_foot" />
  <Particle id="DAISY" path="daisy" />
  <Particle id="STARBURST" path="starburst" />
  <Particle id="UPSELL_ARROW" path="upsellarrow" />
  
</Resources>

<Resources id="LoadingTrails">

<SetDefaults path="particles" idprefix="TRAIL_" />

  <Trail id="ICE" path="icetrail" />
  
</Resources>

</ResourceManifest>
