﻿<?xml version="1.0" encoding="UTF-8" ?>
<XnaContent>
	<Layers>
		<Layer>fonts/DwarvenTodCraft27/DwarvenTodCraft27_layer0</Layer>
	</Layers>

	<Offsets>
		<Offset character=" " offsetX="0" offsetY="0"/>
		<Offset character="!" offsetX="-3" offsetY="16"/>
		<Offset character='"' offsetX="-3" offsetY="13"/>
		<Offset character="#" offsetX="-4" offsetY="18"/>
		<Offset character="$" offsetX="-4" offsetY="17"/>
		<Offset character="%" offsetX="-3" offsetY="18"/>
		<Offset character="&amp;" offsetX="-3" offsetY="18"/>
		<Offset character="'" offsetX="-4" offsetY="12"/>
		<Offset character="(" offsetX="-3" offsetY="16"/>
		<Offset character=")" offsetX="-3" offsetY="15"/>
		<Offset character="*" offsetX="-3" offsetY="11"/>
		<Offset character="+" offsetX="-4" offsetY="16"/>
		<Offset character="," offsetX="-3" offsetY="29"/>
		<Offset character="-" offsetX="-4" offsetY="22"/>
		<Offset character="." offsetX="-3" offsetY="29"/>
		<Offset character="/" offsetX="-4" offsetY="17"/>
		<Offset character="0" offsetX="-4" offsetY="15"/>
		<Offset character="1" offsetX="-3" offsetY="15"/>
		<Offset character="2" offsetX="-3" offsetY="14"/>
		<Offset character="3" offsetX="-3" offsetY="15"/>
		<Offset character="4" offsetX="-3" offsetY="15"/>
		<Offset character="5" offsetX="-4" offsetY="15"/>
		<Offset character="6" offsetX="-4" offsetY="15"/>
		<Offset character="7" offsetX="-2" offsetY="15"/>
		<Offset character="8" offsetX="-3" offsetY="15"/>
		<Offset character="9" offsetX="-3" offsetY="14"/>
		<Offset character=":" offsetX="-3" offsetY="22"/>
		<Offset character=";" offsetX="-3" offsetY="22"/>
		<Offset character="&lt;" offsetX="-4" offsetY="15"/>
		<Offset character="=" offsetX="-4" offsetY="18"/>
		<Offset character=">" offsetX="-4" offsetY="15"/>
		<Offset character="?" offsetX="-3" offsetY="15"/>
		<Offset character="@" offsetX="-2" offsetY="17"/>
		<Offset character="A" offsetX="-4" offsetY="17"/>
		<Offset character="B" offsetX="-4" offsetY="18"/>
		<Offset character="C" offsetX="-3" offsetY="18"/>
		<Offset character="D" offsetX="-4" offsetY="18"/>
		<Offset character="E" offsetX="-4" offsetY="18"/>
		<Offset character="F" offsetX="-4" offsetY="18"/>
		<Offset character="G" offsetX="-3" offsetY="18"/>
		<Offset character="H" offsetX="-4" offsetY="18"/>
		<Offset character="I" offsetX="-3" offsetY="10"/>
		<Offset character="J" offsetX="-3" offsetY="10"/>
		<Offset character="K" offsetX="-4" offsetY="17"/>
		<Offset character="L" offsetX="-4" offsetY="18"/>
		<Offset character="M" offsetX="-3" offsetY="18"/>
		<Offset character="N" offsetX="-3" offsetY="18"/>
		<Offset character="O" offsetX="-3" offsetY="18"/>
		<Offset character="P" offsetX="-4" offsetY="18"/>
		<Offset character="Q" offsetX="-2" offsetY="18"/>
		<Offset character="R" offsetX="-4" offsetY="18"/>
		<Offset character="S" offsetX="-3" offsetY="15"/>
		<Offset character="T" offsetX="-4" offsetY="17"/>
		<Offset character="U" offsetX="-4" offsetY="18"/>
		<Offset character="V" offsetX="-4" offsetY="18"/>
		<Offset character="W" offsetX="-4" offsetY="17"/>
		<Offset character="X" offsetX="-1" offsetY="17"/>
		<Offset character="Y" offsetX="-4" offsetY="17"/>
		<Offset character="Z" offsetX="-3" offsetY="17"/>
		<Offset character="[" offsetX="-4" offsetY="14"/>
		<Offset character="\" offsetX="-3" offsetY="17"/>
		<Offset character="]" offsetX="-4" offsetY="15"/>
		<Offset character="^" offsetX="-4" offsetY="8"/>
		<Offset character="_" offsetX="-4" offsetY="38"/>
		<Offset character="`" offsetX="-4" offsetY="12"/>
		<Offset character="a" offsetX="-4" offsetY="20"/>
		<Offset character="b" offsetX="-4" offsetY="20"/>
		<Offset character="c" offsetX="-4" offsetY="20"/>
		<Offset character="d" offsetX="-4" offsetY="20"/>
		<Offset character="e" offsetX="-4" offsetY="20"/>
		<Offset character="f" offsetX="-4" offsetY="20"/>
		<Offset character="g" offsetX="-3" offsetY="20"/>
		<Offset character="h" offsetX="-4" offsetY="20"/>
		<Offset character="i" offsetX="-4" offsetY="14"/>
		<Offset character="j" offsetX="-4" offsetY="14"/>
		<Offset character="k" offsetX="-4" offsetY="20"/>
		<Offset character="l" offsetX="-4" offsetY="20"/>
		<Offset character="m" offsetX="-3" offsetY="20"/>
		<Offset character="n" offsetX="-4" offsetY="20"/>
		<Offset character="o" offsetX="-4" offsetY="20"/>
		<Offset character="p" offsetX="-4" offsetY="20"/>
		<Offset character="q" offsetX="-2" offsetY="20"/>
		<Offset character="r" offsetX="-4" offsetY="20"/>
		<Offset character="s" offsetX="-3" offsetY="18"/>
		<Offset character="t" offsetX="-4" offsetY="19"/>
		<Offset character="u" offsetX="-4" offsetY="20"/>
		<Offset character="v" offsetX="-4" offsetY="20"/>
		<Offset character="w" offsetX="-4" offsetY="20"/>
		<Offset character="x" offsetX="-3" offsetY="20"/>
		<Offset character="y" offsetX="-4" offsetY="20"/>
		<Offset character="z" offsetX="-3" offsetY="20"/>
		<Offset character="{" offsetX="-4" offsetY="8"/>
		<Offset character="|" offsetX="-4" offsetY="7"/>
		<Offset character="}" offsetX="-4" offsetY="8"/>
		<Offset character="~" offsetX="-4" offsetY="12"/>
		<Offset character="¡" offsetX="-3" offsetY="20"/>
		<Offset character="¢" offsetX="-4" offsetY="17"/>
		<Offset character="£" offsetX="-4" offsetY="15"/>
		<Offset character="¤" offsetX="-3" offsetY="9"/>
		<Offset character="¥" offsetX="-4" offsetY="16"/>
		<Offset character="¦" offsetX="-3" offsetY="9"/>
		<Offset character="§" offsetX="-4" offsetY="14"/>
		<Offset character="¨" offsetX="4" offsetY="11"/>
		<Offset character="©" offsetX="-4" offsetY="15"/>
		<Offset character="ª" offsetX="-3" offsetY="9"/>
		<Offset character="«" offsetX="-3" offsetY="9"/>
		<Offset character="¬" offsetX="-3" offsetY="9"/>
		<Offset character="­" offsetX="-3" offsetY="9"/>
		<Offset character="®" offsetX="-4" offsetY="15"/>
		<Offset character="¯" offsetX="-3" offsetY="9"/>
		<Offset character="°" offsetX="-3" offsetY="9"/>
		<Offset character="±" offsetX="-3" offsetY="9"/>
		<Offset character="²" offsetX="-3" offsetY="9"/>
		<Offset character="³" offsetX="-3" offsetY="9"/>
		<Offset character="´" offsetX="0" offsetY="15"/>
		<Offset character="µ" offsetX="-3" offsetY="9"/>
		<Offset character="¶" offsetX="-3" offsetY="9"/>
		<Offset character="·" offsetX="-3" offsetY="9"/>
		<Offset character="¸" offsetX="-3" offsetY="9"/>
		<Offset character="¹" offsetX="-3" offsetY="9"/>
		<Offset character="º" offsetX="-3" offsetY="9"/>
		<Offset character="»" offsetX="-3" offsetY="9"/>
		<Offset character="¼" offsetX="-3" offsetY="9"/>
		<Offset character="½" offsetX="-3" offsetY="9"/>
		<Offset character="¾" offsetX="-3" offsetY="9"/>
		<Offset character="¿" offsetX="-3" offsetY="18"/>
		<Offset character="À" offsetX="-4" offsetY="11"/>
		<Offset character="Á" offsetX="-4" offsetY="12"/>
		<Offset character="Â" offsetX="-4" offsetY="9"/>
		<Offset character="Ã" offsetX="-4" offsetY="8"/>
		<Offset character="Ä" offsetX="-4" offsetY="12"/>
		<Offset character="Å" offsetX="-4" offsetY="12"/>
		<Offset character="Æ" offsetX="-4" offsetY="17"/>
		<Offset character="Ç" offsetX="-4" offsetY="18"/>
		<Offset character="È" offsetX="-4" offsetY="12"/>
		<Offset character="É" offsetX="-4" offsetY="12"/>
		<Offset character="Ê" offsetX="-4" offsetY="10"/>
		<Offset character="Ë" offsetX="-4" offsetY="12"/>
		<Offset character="Ì" offsetX="-3" offsetY="12"/>
		<Offset character="Í" offsetX="-3" offsetY="12"/>
		<Offset character="Î" offsetX="-3" offsetY="9"/>
		<Offset character="Ï" offsetX="-3" offsetY="12"/>
		<Offset character="Ð" offsetX="-3" offsetY="18"/>
		<Offset character="Ñ" offsetX="-3" offsetY="10"/>
		<Offset character="Ò" offsetX="-3" offsetY="11"/>
		<Offset character="Ó" offsetX="-3" offsetY="12"/>
		<Offset character="Ô" offsetX="-3" offsetY="9"/>
		<Offset character="Õ" offsetX="-3" offsetY="9"/>
		<Offset character="Ö" offsetX="-4" offsetY="12"/>
		<Offset character="×" offsetX="-3" offsetY="9"/>
		<Offset character="Ø" offsetX="-3" offsetY="14"/>
		<Offset character="Ù" offsetX="-4" offsetY="11"/>
		<Offset character="Ú" offsetX="-4" offsetY="12"/>
		<Offset character="Û" offsetX="-4" offsetY="9"/>
		<Offset character="Ü" offsetX="-4" offsetY="11"/>
		<Offset character="Ý" offsetX="-4" offsetY="12"/>
		<Offset character="Þ" offsetX="-3" offsetY="9"/>
		<Offset character="ß" offsetX="-4" offsetY="16"/>
		<Offset character="à" offsetX="-4" offsetY="14"/>
		<Offset character="á" offsetX="-4" offsetY="14"/>
		<Offset character="â" offsetX="-3" offsetY="12"/>
		<Offset character="ã" offsetX="-3" offsetY="11"/>
		<Offset character="ä" offsetX="-4" offsetY="10"/>
		<Offset character="å" offsetX="-4" offsetY="11"/>
		<Offset character="æ" offsetX="-4" offsetY="16"/>
		<Offset character="ç" offsetX="-4" offsetY="20"/>
		<Offset character="è" offsetX="-4" offsetY="14"/>
		<Offset character="é" offsetX="-4" offsetY="14"/>
		<Offset character="ê" offsetX="-4" offsetY="12"/>
		<Offset character="ë" offsetX="-4" offsetY="15"/>
		<Offset character="ì" offsetX="-4" offsetY="8"/>
		<Offset character="í" offsetX="-4" offsetY="8"/>
		<Offset character="î" offsetX="-4" offsetY="7"/>
		<Offset character="ï" offsetX="-4" offsetY="10"/>
		<Offset character="ð" offsetX="-4" offsetY="11"/>
		<Offset character="ñ" offsetX="-3" offsetY="11"/>
		<Offset character="ò" offsetX="-4" offsetY="14"/>
		<Offset character="ó" offsetX="-4" offsetY="14"/>
		<Offset character="ô" offsetX="-4" offsetY="12"/>
		<Offset character="õ" offsetX="-4" offsetY="11"/>
		<Offset character="ö" offsetX="-4" offsetY="10"/>
		<Offset character="÷" offsetX="-3" offsetY="9"/>
		<Offset character="ø" offsetX="-4" offsetY="16"/>
		<Offset character="ù" offsetX="-4" offsetY="14"/>
		<Offset character="ú" offsetX="-4" offsetY="14"/>
		<Offset character="û" offsetX="-4" offsetY="11"/>
		<Offset character="ü" offsetX="-4" offsetY="15"/>
		<Offset character="ý" offsetX="-4" offsetY="14"/>
		<Offset character="þ" offsetX="-3" offsetY="9"/>
		<Offset character="ÿ" offsetX="-4" offsetY="13"/>
	</Offsets>

<Ascent>39</Ascent>
<Height>43</Height>
</XnaContent>