﻿<?xml version="1.0" encoding="UTF-8" ?>
<XnaContent>
  <Layers>
    <Layer>fonts/BrianneTod18/BrianneTod18_layer0</Layer>
  </Layers>

  <Offsets>
    <Offset character=" " offsetX="0" offsetY="0"/>
    <Offset character="!" offsetX="1" offsetY="7"/>
    <Offset character='"' offsetX="0" offsetY="7"/>
    <Offset character="#" offsetX="-1" offsetY="8"/>
    <Offset character="$" offsetX="-1" offsetY="6"/>
    <Offset character="%" offsetX="2" offsetY="5"/>
    <Offset character="&amp;" offsetX="1" offsetY="7"/>
    <Offset character="'" offsetX="-1" offsetY="8"/>
    <Offset character="(" offsetX="2" offsetY="6"/>
    <Offset character=")" offsetX="0" offsetY="6"/>
    <Offset character="*" offsetX="-1" offsetY="3"/>
    <Offset character="+" offsetX="0" offsetY="12"/>
    <Offset character="," offsetX="1" offsetY="20"/>
    <Offset character="-" offsetX="-1" offsetY="16"/>
    <Offset character="." offsetX="1" offsetY="21"/>
    <Offset character="/" offsetX="-1" offsetY="7"/>
    <Offset character="0" offsetX="-1" offsetY="9"/>
    <Offset character="1" offsetX="-1" offsetY="9"/>
    <Offset character="2" offsetX="0" offsetY="9"/>
    <Offset character="3" offsetX="0" offsetY="8"/>
    <Offset character="4" offsetX="-1" offsetY="9"/>
    <Offset character="5" offsetX="-1" offsetY="8"/>
    <Offset character="6" offsetX="0" offsetY="9"/>
    <Offset character="7" offsetX="-1" offsetY="9"/>
    <Offset character="8" offsetX="0" offsetY="9"/>
    <Offset character="9" offsetX="0" offsetY="9"/>
    <Offset character=":" offsetX="1" offsetY="14"/>
    <Offset character=";" offsetX="0" offsetY="14"/>
    <Offset character="&lt;" offsetX="0" offsetY="9"/>
    <Offset character="=" offsetX="0" offsetY="13"/>
    <Offset character=">" offsetX="0" offsetY="9"/>
    <Offset character="?" offsetX="-1" offsetY="7"/>
    <Offset character="@" offsetX="0" offsetY="12"/>
    <Offset character="A" offsetX="-1" offsetY="6"/>
    <Offset character="B" offsetX="-1" offsetY="6"/>
    <Offset character="C" offsetX="0" offsetY="6"/>
    <Offset character="D" offsetX="-1" offsetY="7"/>
    <Offset character="E" offsetX="-1" offsetY="8"/>
    <Offset character="F" offsetX="-1" offsetY="8"/>
    <Offset character="G" offsetX="0" offsetY="8"/>
    <Offset character="H" offsetX="-1" offsetY="7"/>
    <Offset character="I" offsetX="0" offsetY="8"/>
    <Offset character="J" offsetX="-1" offsetY="7"/>
    <Offset character="K" offsetX="-1" offsetY="6"/>
    <Offset character="L" offsetX="0" offsetY="7"/>
    <Offset character="M" offsetX="0" offsetY="7"/>
    <Offset character="N" offsetX="0" offsetY="7"/>
    <Offset character="O" offsetX="0" offsetY="7"/>
    <Offset character="P" offsetX="-1" offsetY="7"/>
    <Offset character="Q" offsetX="0" offsetY="7"/>
    <Offset character="R" offsetX="-1" offsetY="9"/>
    <Offset character="S" offsetX="0" offsetY="8"/>
    <Offset character="T" offsetX="-1" offsetY="8"/>
    <Offset character="U" offsetX="0" offsetY="8"/>
    <Offset character="V" offsetX="0" offsetY="8"/>
    <Offset character="W" offsetX="0" offsetY="7"/>
    <Offset character="X" offsetX="0" offsetY="7"/>
    <Offset character="Y" offsetX="-1" offsetY="5"/>
    <Offset character="Z" offsetX="-1" offsetY="8"/>
    <Offset character="[" offsetX="-1" offsetY="5"/>
    <Offset character="\" offsetX="-1" offsetY="7"/>
    <Offset character="]" offsetX="-1" offsetY="6"/>
    <Offset character="^" offsetX="-1" offsetY="7"/>
    <Offset character="_" offsetX="1" offsetY="23"/>
    <Offset character="`" offsetX="-1" offsetY="7"/>
    <Offset character="a" offsetX="-1" offsetY="14"/>
    <Offset character="b" offsetX="-1" offsetY="8"/>
    <Offset character="c" offsetX="-1" offsetY="13"/>
    <Offset character="d" offsetX="0" offsetY="10"/>
    <Offset character="e" offsetX="-1" offsetY="14"/>
    <Offset character="f" offsetX="-1" offsetY="9"/>
    <Offset character="g" offsetX="-1" offsetY="13"/>
    <Offset character="h" offsetX="0" offsetY="10"/>
    <Offset character="i" offsetX="-1" offsetY="10"/>
    <Offset character="j" offsetX="-1" offsetY="13"/>
    <Offset character="k" offsetX="-1" offsetY="9"/>
    <Offset character="l" offsetX="0" offsetY="11"/>
    <Offset character="m" offsetX="0" offsetY="11"/>
    <Offset character="n" offsetX="-1" offsetY="12"/>
    <Offset character="o" offsetX="0" offsetY="14"/>
    <Offset character="p" offsetX="-1" offsetY="15"/>
    <Offset character="q" offsetX="-1" offsetY="16"/>
    <Offset character="r" offsetX="0" offsetY="14"/>
    <Offset character="s" offsetX="0" offsetY="12"/>
    <Offset character="t" offsetX="-1" offsetY="10"/>
    <Offset character="u" offsetX="-1" offsetY="14"/>
    <Offset character="v" offsetX="-1" offsetY="14"/>
    <Offset character="w" offsetX="-1" offsetY="13"/>
    <Offset character="x" offsetX="-1" offsetY="11"/>
    <Offset character="y" offsetX="-1" offsetY="13"/>
    <Offset character="z" offsetX="-1" offsetY="13"/>
    <Offset character="{" offsetX="2" offsetY="5"/>
    <Offset character="|" offsetX="0" offsetY="7"/>
    <Offset character="}" offsetX="1" offsetY="5"/>
    <Offset character="~" offsetX="0" offsetY="14"/>
    <Offset character="¡" offsetX="-1" offsetY="11"/>
    <Offset character="¢" offsetX="-1" offsetY="12"/>
    <Offset character="£" offsetX="-1" offsetY="4"/>
    <Offset character="¥" offsetX="0" offsetY="2"/>
    <Offset character="§" offsetX="-1" offsetY="7"/>
    <Offset character="©" offsetX="0" offsetY="7"/>
    <Offset character="­" offsetX="-1" offsetY="16"/>
    <Offset character="®" offsetX="0" offsetY="7"/>
    <Offset character="¿" offsetX="-1" offsetY="8"/>
    <Offset character="À" offsetX="-1" offsetY="1"/>
    <Offset character="Á" offsetX="-1" offsetY="1"/>
    <Offset character="Â" offsetX="-1" offsetY="1"/>
    <Offset character="Ã" offsetX="-1" offsetY="3"/>
    <Offset character="Ä" offsetX="-1" offsetY="3"/>
    <Offset character="Å" offsetX="-1" offsetY="1"/>
    <Offset character="Æ" offsetX="-1" offsetY="7"/>
    <Offset character="Ç" offsetX="0" offsetY="6"/>
    <Offset character="È" offsetX="-1" offsetY="3"/>
    <Offset character="É" offsetX="-1" offsetY="3"/>
    <Offset character="Ê" offsetX="-1" offsetY="2"/>
    <Offset character="Ë" offsetX="-1" offsetY="4"/>
    <Offset character="Ì" offsetX="0" offsetY="2"/>
    <Offset character="Í" offsetX="-1" offsetY="2"/>
    <Offset character="Î" offsetX="-2" offsetY="2"/>
    <Offset character="Ï" offsetX="-2" offsetY="4"/>
    <Offset character="Ð" offsetX="-2" offsetY="7"/>
    <Offset character="Ñ" offsetX="0" offsetY="1"/>
    <Offset character="Ò" offsetX="0" offsetY="1"/>
    <Offset character="Ó" offsetX="0" offsetY="1"/>
    <Offset character="Ô" offsetX="0" offsetY="1"/>
    <Offset character="Õ" offsetX="0" offsetY="3"/>
    <Offset character="Ö" offsetX="0" offsetY="3"/>
    <Offset character="×" offsetX="1" offsetY="10"/>
    <Offset character="Ø" offsetX="0" offsetY="7"/>
    <Offset character="Ù" offsetX="0" offsetY="3"/>
    <Offset character="Ú" offsetX="0" offsetY="3"/>
    <Offset character="Û" offsetX="0" offsetY="2"/>
    <Offset character="Ü" offsetX="0" offsetY="4"/>
    <Offset character="Ý" offsetX="-1" offsetY="1"/>
    <Offset character="ß" offsetX="0" offsetY="6"/>
    <Offset character="à" offsetX="-1" offsetY="8"/>
    <Offset character="á" offsetX="-1" offsetY="8"/>
    <Offset character="â" offsetX="-1" offsetY="9"/>
    <Offset character="ã" offsetX="-1" offsetY="10"/>
    <Offset character="ä" offsetX="-1" offsetY="10"/>
    <Offset character="å" offsetX="-1" offsetY="9"/>
    <Offset character="æ" offsetX="-1" offsetY="11"/>
    <Offset character="ç" offsetX="1" offsetY="11"/>
    <Offset character="è" offsetX="-1" offsetY="8"/>
    <Offset character="é" offsetX="0" offsetY="8"/>
    <Offset character="ê" offsetX="-1" offsetY="9"/>
    <Offset character="ë" offsetX="-1" offsetY="10"/>
    <Offset character="ì" offsetX="-1" offsetY="4"/>
    <Offset character="í" offsetX="-1" offsetY="4"/>
    <Offset character="î" offsetX="-2" offsetY="5"/>
    <Offset character="ï" offsetX="-2" offsetY="4"/>
    <Offset character="ð" offsetX="0" offsetY="8"/>
    <Offset character="ñ" offsetX="-1" offsetY="7"/>
    <Offset character="ò" offsetX="0" offsetY="8"/>
    <Offset character="ó" offsetX="0" offsetY="8"/>
    <Offset character="ô" offsetX="0" offsetY="9"/>
    <Offset character="õ" offsetX="-1" offsetY="9"/>
    <Offset character="ö" offsetX="0" offsetY="10"/>
    <Offset character="÷" offsetX="1" offsetY="11"/>
    <Offset character="ø" offsetX="-1" offsetY="12"/>
    <Offset character="ù" offsetX="-1" offsetY="8"/>
    <Offset character="ú" offsetX="-1" offsetY="9"/>
    <Offset character="û" offsetX="-1" offsetY="8"/>
    <Offset character="ü" offsetX="-1" offsetY="10"/>
    <Offset character="ý" offsetX="-1" offsetY="8"/>
    <Offset character="ÿ" offsetX="-1" offsetY="9"/>
    <Offset character="€" offsetX="-1" offsetY="6"/>
  </Offsets>

  <Ascent>36</Ascent>
  <Height>30</Height>
</XnaContent>