﻿<?xml version="1.0" encoding="UTF-8" ?>
<XnaContent>
  <Layers>
    <Layer>fonts/ContinuumBold21/ContinuumBold21_layer1</Layer> 
  </Layers>

  <Offsets>
    <Offset character=" " offsetX="0" offsetY="0"/>
    <Offset character="!" offsetX="-1" offsetY="8"/>
    <Offset character='"' offsetX="-2" offsetY="8"/>
    <Offset character="#" offsetX="-2" offsetY="8"/>
    <Offset character="$" offsetX="-2" offsetY="7"/>
    <Offset character="%" offsetX="-2" offsetY="8"/>
    <Offset character="&amp;" offsetX="-2" offsetY="8"/>
    <Offset character="'" offsetX="-2" offsetY="8"/>
    <Offset character="(" offsetX="-2" offsetY="8"/>
    <Offset character=")" offsetX="-2" offsetY="8"/>
    <Offset character="*" offsetX="-2" offsetY="8"/>
    <Offset character="+" offsetX="-2" offsetY="11"/>
    <Offset character="," offsetX="-2" offsetY="23"/>
    <Offset character="-" offsetX="-2" offsetY="17"/>
    <Offset character="." offsetX="-2" offsetY="23"/>
    <Offset character="/" offsetX="-2" offsetY="8"/>
    <Offset character="0" offsetX="-1" offsetY="8"/>
    <Offset character="1" offsetX="0" offsetY="8"/>
    <Offset character="2" offsetX="-1" offsetY="8"/>
    <Offset character="3" offsetX="-1" offsetY="8"/>
    <Offset character="4" offsetX="-2" offsetY="8"/>
    <Offset character="5" offsetX="-1" offsetY="8"/>
    <Offset character="6" offsetX="-2" offsetY="8"/>
    <Offset character="7" offsetX="-1" offsetY="8"/>
    <Offset character="8" offsetX="-2" offsetY="8"/>
    <Offset character="9" offsetX="-2" offsetY="8"/>
    <Offset character=":" offsetX="-2" offsetY="13"/>
    <Offset character=";" offsetX="-2" offsetY="13"/>
    <Offset character="&lt;" offsetX="-3" offsetY="12"/>
    <Offset character="=" offsetX="-2" offsetY="12"/>
    <Offset character=">" offsetX="-2" offsetY="12"/>
    <Offset character="?" offsetX="-2" offsetY="8"/>
    <Offset character="@" offsetX="-2" offsetY="8"/>
    <Offset character="A" offsetX="-3" offsetY="8"/>
    <Offset character="B" offsetX="-2" offsetY="8"/>
    <Offset character="C" offsetX="-2" offsetY="8"/>
    <Offset character="D" offsetX="-2" offsetY="8"/>
    <Offset character="E" offsetX="-2" offsetY="8"/>
    <Offset character="F" offsetX="-2" offsetY="8"/>
    <Offset character="G" offsetX="-2" offsetY="8"/>
    <Offset character="H" offsetX="-2" offsetY="8"/>
    <Offset character="I" offsetX="-2" offsetY="8"/>
    <Offset character="J" offsetX="-2" offsetY="8"/>
    <Offset character="K" offsetX="-2" offsetY="8"/>
    <Offset character="L" offsetX="-2" offsetY="8"/>
    <Offset character="M" offsetX="-2" offsetY="8"/>
    <Offset character="N" offsetX="-2" offsetY="8"/>
    <Offset character="O" offsetX="-2" offsetY="8"/>
    <Offset character="P" offsetX="-2" offsetY="8"/>
    <Offset character="Q" offsetX="-2" offsetY="8"/>
    <Offset character="R" offsetX="-2" offsetY="8"/>
    <Offset character="S" offsetX="-2" offsetY="8"/>
    <Offset character="T" offsetX="-2" offsetY="8"/>
    <Offset character="U" offsetX="-2" offsetY="8"/>
    <Offset character="V" offsetX="-3" offsetY="8"/>
    <Offset character="W" offsetX="-3" offsetY="8"/>
    <Offset character="X" offsetX="-3" offsetY="8"/>
    <Offset character="Y" offsetX="-3" offsetY="8"/>
    <Offset character="Z" offsetX="-2" offsetY="8"/>
    <Offset character="[" offsetX="-2" offsetY="8"/>
    <Offset character="\" offsetX="-2" offsetY="8"/>
    <Offset character="]" offsetX="-2" offsetY="8"/>
    <Offset character="^" offsetX="-1" offsetY="8"/>
    <Offset character="_" offsetX="-3" offsetY="32"/>
    <Offset character="`" offsetX="-3" offsetY="8"/>
    <Offset character="a" offsetX="-2" offsetY="13"/>
    <Offset character="b" offsetX="-2" offsetY="8"/>
    <Offset character="c" offsetX="-2" offsetY="13"/>
    <Offset character="d" offsetX="-2" offsetY="8"/>
    <Offset character="e" offsetX="-2" offsetY="13"/>
    <Offset character="f" offsetX="-2" offsetY="8"/>
    <Offset character="g" offsetX="-2" offsetY="13"/>
    <Offset character="h" offsetX="-2" offsetY="8"/>
    <Offset character="i" offsetX="-2" offsetY="7"/>
    <Offset character="j" offsetX="-4" offsetY="7"/>
    <Offset character="k" offsetX="-2" offsetY="8"/>
    <Offset character="l" offsetX="-2" offsetY="8"/>
    <Offset character="m" offsetX="-1" offsetY="13"/>
    <Offset character="n" offsetX="-2" offsetY="13"/>
    <Offset character="o" offsetX="-2" offsetY="13"/>
    <Offset character="p" offsetX="-2" offsetY="13"/>
    <Offset character="q" offsetX="-2" offsetY="13"/>
    <Offset character="r" offsetX="-2" offsetY="13"/>
    <Offset character="s" offsetX="-2" offsetY="13"/>
    <Offset character="t" offsetX="-2" offsetY="8"/>
    <Offset character="u" offsetX="-2" offsetY="13"/>
    <Offset character="v" offsetX="-3" offsetY="13"/>
    <Offset character="w" offsetX="-3" offsetY="13"/>
    <Offset character="x" offsetX="-3" offsetY="13"/>
    <Offset character="y" offsetX="-2" offsetY="13"/>
    <Offset character="z" offsetX="-2" offsetY="13"/>
    <Offset character="{" offsetX="-1" offsetY="5"/>
    <Offset character="|" offsetX="-2" offsetY="8"/>
    <Offset character="}" offsetX="-2" offsetY="5"/>
    <Offset character="~" offsetX="-1" offsetY="17"/>
    <Offset character="¡" offsetX="-1" offsetY="8"/>
    <Offset character="¢" offsetX="-2" offsetY="11"/>
    <Offset character="£" offsetX="-2" offsetY="8"/>
    <Offset character="¤" offsetX="-3" offsetY="10"/>
    <Offset character="¥" offsetX="-4" offsetY="8"/>
    <Offset character="¦" offsetX="-1" offsetY="7"/>
    <Offset character="§" offsetX="-2" offsetY="8"/>
    <Offset character="¨" offsetX="-3" offsetY="8"/>
    <Offset character="©" offsetX="-2" offsetY="8"/>
    <Offset character="ª" offsetX="-2" offsetY="8"/>
    <Offset character="«" offsetX="0" offsetY="14"/>
    <Offset character="¬" offsetX="-2" offsetY="15"/>
    <Offset character="­" offsetX="-2" offsetY="18"/>
    <Offset character="®" offsetX="-2" offsetY="8"/>
    <Offset character="¯" offsetX="-3" offsetY="10"/>
    <Offset character="°" offsetX="-1" offsetY="8"/>
    <Offset character="±" offsetX="-2" offsetY="14"/>
    <Offset character="²" offsetX="-1" offsetY="5"/>
    <Offset character="³" offsetX="-1" offsetY="5"/>
    <Offset character="´" offsetX="0" offsetY="8"/>
    <Offset character="µ" offsetX="-1" offsetY="13"/>
    <Offset character="¶" offsetX="-3" offsetY="8"/>
    <Offset character="·" offsetX="-1" offsetY="15"/>
    <Offset character="¸" offsetX="-3" offsetY="28"/>
    <Offset character="¹" offsetX="-1" offsetY="5"/>
    <Offset character="º" offsetX="-2" offsetY="8"/>
    <Offset character="»" offsetX="0" offsetY="14"/>
    <Offset character="¼" offsetX="-1" offsetY="5"/>
    <Offset character="½" offsetX="-1" offsetY="5"/>
    <Offset character="¾" offsetX="-1" offsetY="5"/>
    <Offset character="¿" offsetX="-2" offsetY="8"/>
    <Offset character="À" offsetX="-3" offsetY="1"/>
    <Offset character="Á" offsetX="-3" offsetY="1"/>
    <Offset character="Â" offsetX="-3" offsetY="1"/>
    <Offset character="Ã" offsetX="-3" offsetY="1"/>
    <Offset character="Ä" offsetX="-3" offsetY="1"/>
    <Offset character="Å" offsetX="-3" offsetY="-1"/>
    <Offset character="Æ" offsetX="-4" offsetY="8"/>
    <Offset character="Ç" offsetX="-2" offsetY="8"/>
    <Offset character="È" offsetX="-2" offsetY="1"/>
    <Offset character="É" offsetX="-2" offsetY="1"/>
    <Offset character="Ê" offsetX="-2" offsetY="1"/>
    <Offset character="Ë" offsetX="-2" offsetY="1"/>
    <Offset character="Ì" offsetX="-4" offsetY="1"/>
    <Offset character="Í" offsetX="-2" offsetY="3"/>
    <Offset character="Î" offsetX="-4" offsetY="3"/>
    <Offset character="Ï" offsetX="-4" offsetY="3"/>
    <Offset character="Ð" offsetX="-3" offsetY="8"/>
    <Offset character="Ñ" offsetX="-2" offsetY="1"/>
    <Offset character="Ò" offsetX="-2" offsetY="1"/>
    <Offset character="Ó" offsetX="-2" offsetY="3"/>
    <Offset character="Ô" offsetX="-2" offsetY="1"/>
    <Offset character="Õ" offsetX="-2" offsetY="1"/>
    <Offset character="Ö" offsetX="-2" offsetY="1"/>
    <Offset character="×" offsetX="-2" offsetY="14"/>
    <Offset character="Ø" offsetX="-2" offsetY="8"/>
    <Offset character="Ù" offsetX="-2" offsetY="1"/>
    <Offset character="Ú" offsetX="-2" offsetY="3"/>
    <Offset character="Û" offsetX="-2" offsetY="1"/>
    <Offset character="Ü" offsetX="-2" offsetY="1"/>
    <Offset character="Ý" offsetX="-3" offsetY="1"/>
    <Offset character="Þ" offsetX="-1" offsetY="8"/>
    <Offset character="ß" offsetX="-2" offsetY="8"/>
    <Offset character="à" offsetX="-2" offsetY="7"/>
    <Offset character="á" offsetX="-2" offsetY="7"/>
    <Offset character="â" offsetX="-2" offsetY="7"/>
    <Offset character="ã" offsetX="-2" offsetY="7"/>
    <Offset character="ä" offsetX="-2" offsetY="7"/>
    <Offset character="å" offsetX="-2" offsetY="5"/>
    <Offset character="æ" offsetX="-2" offsetY="13"/>
    <Offset character="ç" offsetX="-2" offsetY="13"/>
    <Offset character="è" offsetX="-2" offsetY="7"/>
    <Offset character="é" offsetX="-2" offsetY="7"/>
    <Offset character="ê" offsetX="-2" offsetY="7"/>
    <Offset character="ë" offsetX="-2" offsetY="7"/>
    <Offset character="ì" offsetX="-2" offsetY="13"/>
    <Offset character="í" offsetX="-3" offsetY="8"/>
    <Offset character="î" offsetX="-5" offsetY="8"/>
    <Offset character="ï" offsetX="-4" offsetY="8"/>
    <Offset character="ð" offsetX="-2" offsetY="7"/>
    <Offset character="ñ" offsetX="-2" offsetY="8"/>
    <Offset character="ò" offsetX="-2" offsetY="13"/>
    <Offset character="ó" offsetX="-2" offsetY="8"/>
    <Offset character="ô" offsetX="-2" offsetY="8"/>
    <Offset character="õ" offsetX="-2" offsetY="8"/>
    <Offset character="ö" offsetX="-2" offsetY="8"/>
    <Offset character="÷" offsetX="-2" offsetY="11"/>
    <Offset character="ø" offsetX="-2" offsetY="11"/>
    <Offset character="ù" offsetX="-2" offsetY="13"/>
    <Offset character="ú" offsetX="-2" offsetY="8"/>
    <Offset character="û" offsetX="-2" offsetY="8"/>
    <Offset character="ü" offsetX="-2" offsetY="8"/>
    <Offset character="ý" offsetX="-2" offsetY="7"/>
    <Offset character="þ" offsetX="-1" offsetY="8"/>
    <Offset character="ÿ" offsetX="-2" offsetY="7"/>
  </Offsets>

  <Ascent>30</Ascent>
  <Height>-37</Height>
</XnaContent>