﻿<?xml version="1.0" encoding="UTF-8" ?>
<XnaContent>
	<Layers magic="1">
		<Layer>fonts/DwarvenTodCraft23/DwarvenTodCraft23_layer0</Layer>
	</Layers>

	<Offsets>
		<Offset character=" " offsetX="0" offsetY="0"/>
		<Offset character="!" offsetX="-2" offsetY="14"/>
		<Offset character='"' offsetX="-2" offsetY="12"/>
		<Offset character="#" offsetX="-3" offsetY="16"/>
		<Offset character="$" offsetX="-3" offsetY="15"/>
		<Offset character="%" offsetX="-2" offsetY="16"/>
		<Offset character="&amp;" offsetX="-2" offsetY="15"/>
		<Offset character="'" offsetX="-3" offsetY="12"/>
		<Offset character="(" offsetX="-2" offsetY="14"/>
		<Offset character=")" offsetX="-2" offsetY="14"/>
		<Offset character="*" offsetX="-2" offsetY="10"/>
		<Offset character="+" offsetX="-3" offsetY="14"/>
		<Offset character="," offsetX="-2" offsetY="26"/>
		<Offset character="-" offsetX="-3" offsetY="20"/>
		<Offset character="." offsetX="-2" offsetY="26"/>
		<Offset character="/" offsetX="-3" offsetY="15"/>
		<Offset character="0" offsetX="-3" offsetY="14"/>
		<Offset character="1" offsetX="-3" offsetY="14"/>
		<Offset character="2" offsetX="-2" offsetY="13"/>
		<Offset character="3" offsetX="-2" offsetY="14"/>
		<Offset character="4" offsetX="-2" offsetY="14"/>
		<Offset character="5" offsetX="-3" offsetY="14"/>
		<Offset character="6" offsetX="-2" offsetY="14"/>
		<Offset character="7" offsetX="-1" offsetY="14"/>
		<Offset character="8" offsetX="-2" offsetY="14"/>
		<Offset character="9" offsetX="-3" offsetY="13"/>
		<Offset character=":" offsetX="-2" offsetY="20"/>
		<Offset character=";" offsetX="-2" offsetY="20"/>
		<Offset character="&lt;" offsetX="-3" offsetY="14"/>
		<Offset character="=" offsetX="-3" offsetY="17"/>
		<Offset character=">" offsetX="-3" offsetY="14"/>
		<Offset character="?" offsetX="-2" offsetY="14"/>
		<Offset character="@" offsetX="-1" offsetY="16"/>
		<Offset character="A" offsetX="-3" offsetY="15"/>
		<Offset character="B" offsetX="-2" offsetY="15"/>
		<Offset character="C" offsetX="-3" offsetY="15"/>
		<Offset character="D" offsetX="-2" offsetY="15"/>
		<Offset character="E" offsetX="-3" offsetY="16"/>
		<Offset character="F" offsetX="-3" offsetY="16"/>
		<Offset character="G" offsetX="-3" offsetY="15"/>
		<Offset character="H" offsetX="-3" offsetY="16"/>
		<Offset character="I" offsetX="-3" offsetY="11"/>
		<Offset character="J" offsetX="-2" offsetY="9"/>
		<Offset character="K" offsetX="-2" offsetY="15"/>
		<Offset character="L" offsetX="-3" offsetY="16"/>
		<Offset character="M" offsetX="-3" offsetY="16"/>
		<Offset character="N" offsetX="-3" offsetY="16"/>
		<Offset character="O" offsetX="-3" offsetY="15"/>
		<Offset character="P" offsetX="-2" offsetY="15"/>
		<Offset character="Q" offsetX="-2" offsetY="15"/>
		<Offset character="R" offsetX="-2" offsetY="15"/>
		<Offset character="S" offsetX="-2" offsetY="13"/>
		<Offset character="T" offsetX="-3" offsetY="15"/>
		<Offset character="U" offsetX="-3" offsetY="15"/>
		<Offset character="V" offsetX="-3" offsetY="15"/>
		<Offset character="W" offsetX="-3" offsetY="15"/>
		<Offset character="X" offsetX="-1" offsetY="15"/>
		<Offset character="Y" offsetX="-3" offsetY="15"/>
		<Offset character="Z" offsetX="-2" offsetY="15"/>
		<Offset character="[" offsetX="-3" offsetY="13"/>
		<Offset character="\" offsetX="-2" offsetY="15"/>
		<Offset character="]" offsetX="-3" offsetY="14"/>
		<Offset character="^" offsetX="-3" offsetY="8"/>
		<Offset character="_" offsetX="-3" offsetY="34"/>
		<Offset character="`" offsetX="-3" offsetY="12"/>
		<Offset character="a" offsetX="-3" offsetY="18"/>
		<Offset character="b" offsetX="-3" offsetY="18"/>
		<Offset character="c" offsetX="-3" offsetY="18"/>
		<Offset character="d" offsetX="-3" offsetY="18"/>
		<Offset character="e" offsetX="-3" offsetY="18"/>
		<Offset character="f" offsetX="-3" offsetY="18"/>
		<Offset character="g" offsetX="-2" offsetY="18"/>
		<Offset character="h" offsetX="-3" offsetY="18"/>
		<Offset character="i" offsetX="-3" offsetY="13"/>
		<Offset character="j" offsetX="-3" offsetY="13"/>
		<Offset character="k" offsetX="-3" offsetY="18"/>
		<Offset character="l" offsetX="-3" offsetY="18"/>
		<Offset character="m" offsetX="-2" offsetY="18"/>
		<Offset character="n" offsetX="-3" offsetY="18"/>
		<Offset character="o" offsetX="-3" offsetY="18"/>
		<Offset character="p" offsetX="-3" offsetY="18"/>
		<Offset character="q" offsetX="-2" offsetY="18"/>
		<Offset character="r" offsetX="-3" offsetY="18"/>
		<Offset character="s" offsetX="-2" offsetY="16"/>
		<Offset character="t" offsetX="-3" offsetY="17"/>
		<Offset character="u" offsetX="-3" offsetY="18"/>
		<Offset character="v" offsetX="-3" offsetY="18"/>
		<Offset character="w" offsetX="-3" offsetY="18"/>
		<Offset character="x" offsetX="-2" offsetY="18"/>
		<Offset character="y" offsetX="-3" offsetY="18"/>
		<Offset character="z" offsetX="-3" offsetY="18"/>
		<Offset character="{" offsetX="-3" offsetY="8"/>
		<Offset character="|" offsetX="-3" offsetY="7"/>
		<Offset character="}" offsetX="-3" offsetY="8"/>
		<Offset character="~" offsetX="-3" offsetY="12"/>
		<Offset character="¡" offsetX="-2" offsetY="18"/>
		<Offset character="¢" offsetX="-3" offsetY="15"/>
		<Offset character="£" offsetX="-3" offsetY="14"/>
		<Offset character="¤" offsetX="-2" offsetY="9"/>
		<Offset character="¥" offsetX="-3" offsetY="14"/>
		<Offset character="¦" offsetX="-2" offsetY="9"/>
		<Offset character="§" offsetX="-3" offsetY="13"/>
		<Offset character="¨" offsetX="4" offsetY="10"/>
		<Offset character="©" offsetX="-3" offsetY="14"/>
		<Offset character="ª" offsetX="-2" offsetY="9"/>
		<Offset character="«" offsetX="-2" offsetY="9"/>
		<Offset character="¬" offsetX="-2" offsetY="9"/>
		<Offset character="­" offsetX="-2" offsetY="9"/>
		<Offset character="®" offsetX="-3" offsetY="14"/>
		<Offset character="¯" offsetX="-2" offsetY="9"/>
		<Offset character="°" offsetX="-2" offsetY="9"/>
		<Offset character="±" offsetX="-2" offsetY="9"/>
		<Offset character="²" offsetX="-2" offsetY="9"/>
		<Offset character="³" offsetX="-2" offsetY="9"/>
		<Offset character="´" offsetX="0" offsetY="14"/>
		<Offset character="µ" offsetX="-2" offsetY="9"/>
		<Offset character="¶" offsetX="-2" offsetY="9"/>
		<Offset character="·" offsetX="-2" offsetY="9"/>
		<Offset character="¸" offsetX="-2" offsetY="9"/>
		<Offset character="¹" offsetX="-2" offsetY="9"/>
		<Offset character="º" offsetX="-2" offsetY="9"/>
		<Offset character="»" offsetX="-2" offsetY="9"/>
		<Offset character="¼" offsetX="-2" offsetY="9"/>
		<Offset character="½" offsetX="-2" offsetY="9"/>
		<Offset character="¾" offsetX="-2" offsetY="9"/>
		<Offset character="¿" offsetX="-2" offsetY="17"/>
		<Offset character="À" offsetX="-3" offsetY="10"/>
		<Offset character="Á" offsetX="-3" offsetY="11"/>
		<Offset character="Â" offsetX="-3" offsetY="8"/>
		<Offset character="Ã" offsetX="-3" offsetY="8"/>
		<Offset character="Ä" offsetX="-3" offsetY="10"/>
		<Offset character="Å" offsetX="-3" offsetY="11"/>
		<Offset character="Æ" offsetX="-3" offsetY="15"/>
		<Offset character="Ç" offsetX="-3" offsetY="16"/>
		<Offset character="È" offsetX="-3" offsetY="11"/>
		<Offset character="É" offsetX="-3" offsetY="11"/>
		<Offset character="Ê" offsetX="-3" offsetY="9"/>
		<Offset character="Ë" offsetX="-3" offsetY="11"/>
		<Offset character="Ì" offsetX="-3" offsetY="10"/>
		<Offset character="Í" offsetX="-3" offsetY="11"/>
		<Offset character="Î" offsetX="-3" offsetY="8"/>
		<Offset character="Ï" offsetX="-3" offsetY="11"/>
		<Offset character="Ð" offsetX="-2" offsetY="15"/>
		<Offset character="Ñ" offsetX="-3" offsetY="9"/>
		<Offset character="Ò" offsetX="-3" offsetY="10"/>
		<Offset character="Ó" offsetX="-3" offsetY="11"/>
		<Offset character="Ô" offsetX="-3" offsetY="9"/>
		<Offset character="Õ" offsetX="-3" offsetY="8"/>
		<Offset character="Ö" offsetX="-3" offsetY="10"/>
		<Offset character="×" offsetX="-2" offsetY="9"/>
		<Offset character="Ø" offsetX="-3" offsetY="13"/>
		<Offset character="Ù" offsetX="-3" offsetY="10"/>
		<Offset character="Ú" offsetX="-3" offsetY="11"/>
		<Offset character="Û" offsetX="-3" offsetY="8"/>
		<Offset character="Ü" offsetX="-3" offsetY="10"/>
		<Offset character="Ý" offsetX="-3" offsetY="11"/>
		<Offset character="Þ" offsetX="-2" offsetY="9"/>
		<Offset character="ß" offsetX="-3" offsetY="14"/>
		<Offset character="à" offsetX="-3" offsetY="13"/>
		<Offset character="á" offsetX="-3" offsetY="13"/>
		<Offset character="â" offsetX="-3" offsetY="11"/>
		<Offset character="ã" offsetX="-3" offsetY="10"/>
		<Offset character="ä" offsetX="-3" offsetY="9"/>
		<Offset character="å" offsetX="-3" offsetY="10"/>
		<Offset character="æ" offsetX="-3" offsetY="14"/>
		<Offset character="ç" offsetX="-3" offsetY="18"/>
		<Offset character="è" offsetX="-3" offsetY="13"/>
		<Offset character="é" offsetX="-3" offsetY="13"/>
		<Offset character="ê" offsetX="-3" offsetY="11"/>
		<Offset character="ë" offsetX="-3" offsetY="13"/>
		<Offset character="ì" offsetX="-3" offsetY="8"/>
		<Offset character="í" offsetX="-3" offsetY="7"/>
		<Offset character="î" offsetX="-3" offsetY="7"/>
		<Offset character="ï" offsetX="-3" offsetY="9"/>
		<Offset character="ð" offsetX="-3" offsetY="10"/>
		<Offset character="ñ" offsetX="-3" offsetY="10"/>
		<Offset character="ò" offsetX="-3" offsetY="13"/>
		<Offset character="ó" offsetX="-3" offsetY="13"/>
		<Offset character="ô" offsetX="-3" offsetY="11"/>
		<Offset character="õ" offsetX="-3" offsetY="10"/>
		<Offset character="ö" offsetX="-3" offsetY="9"/>
		<Offset character="€" offsetX="-2" offsetY="9"/>
		<Offset character="ø" offsetX="-3" offsetY="14"/>
		<Offset character="ù" offsetX="-3" offsetY="13"/>
		<Offset character="ú" offsetX="-3" offsetY="13"/>
		<Offset character="û" offsetX="-3" offsetY="10"/>
		<Offset character="ü" offsetX="-3" offsetY="13"/>
		<Offset character="ý" offsetX="-3" offsetY="13"/>
		<Offset character="þ" offsetX="-2" offsetY="9"/>
		<Offset character="ÿ" offsetX="-3" offsetY="12"/>
	</Offsets>

<Ascent>55</Ascent>
<Height>23</Height>
</XnaContent>