﻿<?xml version="1.0" encoding="UTF-8" ?>
<XnaContent>
	<Layers>
		<Layer>fonts/Pico1214/Pico1214_layer0</Layer>
	</Layers>

	<Offsets>
		<Offset character=" " offsetX="0" offsetY="0"/>
		<Offset character="!" offsetX="1" offsetY="10"/>
		<Offset character='"' offsetX="-1" offsetY="10"/>
		<Offset character="#" offsetX="3" offsetY="13"/>
		<Offset character="$" offsetX="3" offsetY="8"/>
		<Offset character="%" offsetX="1" offsetY="10"/>
		<Offset character="&amp;" offsetX="3" offsetY="10"/>
		<Offset character="'" offsetX="-1" offsetY="10"/>
		<Offset character="(" offsetX="3" offsetY="10"/>
		<Offset character=")" offsetX="3" offsetY="10"/>
		<Offset character="*" offsetX="3" offsetY="11"/>
		<Offset character="+" offsetX="3" offsetY="13"/>
		<Offset character="," offsetX="1" offsetY="19"/>
		<Offset character="-" offsetX="3" offsetY="16"/>
		<Offset character="." offsetX="2" offsetY="19"/>
		<Offset character="/" offsetX="1" offsetY="10"/>
		<Offset character="0" offsetX="3" offsetY="10"/>
		<Offset character="1" offsetX="3" offsetY="10"/>
		<Offset character="2" offsetX="3" offsetY="10"/>
		<Offset character="3" offsetX="3" offsetY="10"/>
		<Offset character="4" offsetX="3" offsetY="10"/>
		<Offset character="5" offsetX="3" offsetY="10"/>
		<Offset character="6" offsetX="3" offsetY="10"/>
		<Offset character="7" offsetX="3" offsetY="10"/>
		<Offset character="8" offsetX="3" offsetY="10"/>
		<Offset character="9" offsetX="3" offsetY="10"/>
		<Offset character=":" offsetX="1" offsetY="13"/>
		<Offset character=";" offsetX="1" offsetY="13"/>
		<Offset character="&lt;" offsetX="3" offsetY="13"/>
		<Offset character="=" offsetX="3" offsetY="15"/>
		<Offset character=">" offsetX="3" offsetY="13"/>
		<Offset character="?" offsetX="3" offsetY="10"/>
		<Offset character="@" offsetX="1" offsetY="10"/>
		<Offset character="A" offsetX="3" offsetY="10"/>
		<Offset character="B" offsetX="3" offsetY="10"/>
		<Offset character="C" offsetX="3" offsetY="10"/>
		<Offset character="D" offsetX="3" offsetY="10"/>
		<Offset character="E" offsetX="3" offsetY="10"/>
		<Offset character="F" offsetX="3" offsetY="10"/>
		<Offset character="G" offsetX="3" offsetY="10"/>
		<Offset character="H" offsetX="3" offsetY="10"/>
		<Offset character="I" offsetX="3" offsetY="10"/>
		<Offset character="J" offsetX="3" offsetY="10"/>
		<Offset character="K" offsetX="3" offsetY="10"/>
		<Offset character="L" offsetX="3" offsetY="10"/>
		<Offset character="M" offsetX="3" offsetY="10"/>
		<Offset character="N" offsetX="3" offsetY="10"/>
		<Offset character="O" offsetX="3" offsetY="10"/>
		<Offset character="P" offsetX="3" offsetY="10"/>
		<Offset character="Q" offsetX="3" offsetY="10"/>
		<Offset character="R" offsetX="3" offsetY="10"/>
		<Offset character="S" offsetX="3" offsetY="10"/>
		<Offset character="T" offsetX="3" offsetY="10"/>
		<Offset character="U" offsetX="3" offsetY="10"/>
		<Offset character="V" offsetX="3" offsetY="10"/>
		<Offset character="W" offsetX="3" offsetY="10"/>
		<Offset character="X" offsetX="3" offsetY="10"/>
		<Offset character="Y" offsetX="3" offsetY="10"/>
		<Offset character="Z" offsetX="3" offsetY="10"/>
		<Offset character="[" offsetX="2" offsetY="10"/>
		<Offset character="\" offsetX="1" offsetY="10"/>
		<Offset character="]" offsetX="2" offsetY="10"/>
		<Offset character="^" offsetX="1" offsetY="5"/>
		<Offset character="_" offsetX="3" offsetY="21"/>
		<Offset character="`" offsetX="1" offsetY="5"/>
		<Offset character="a" offsetX="3" offsetY="13"/>
		<Offset character="b" offsetX="3" offsetY="10"/>
		<Offset character="c" offsetX="3" offsetY="13"/>
		<Offset character="d" offsetX="3" offsetY="10"/>
		<Offset character="e" offsetX="3" offsetY="13"/>
		<Offset character="f" offsetX="3" offsetY="10"/>
		<Offset character="g" offsetX="3" offsetY="13"/>
		<Offset character="h" offsetX="3" offsetY="10"/>
		<Offset character="i" offsetX="1" offsetY="10"/>
		<Offset character="j" offsetX="0" offsetY="10"/>
		<Offset character="k" offsetX="3" offsetY="10"/>
		<Offset character="l" offsetX="1" offsetY="10"/>
		<Offset character="m" offsetX="3" offsetY="13"/>
		<Offset character="n" offsetX="3" offsetY="13"/>
		<Offset character="o" offsetX="3" offsetY="13"/>
		<Offset character="p" offsetX="3" offsetY="13"/>
		<Offset character="q" offsetX="3" offsetY="13"/>
		<Offset character="r" offsetX="3" offsetY="13"/>
		<Offset character="s" offsetX="3" offsetY="13"/>
		<Offset character="t" offsetX="3" offsetY="10"/>
		<Offset character="u" offsetX="3" offsetY="13"/>
		<Offset character="v" offsetX="3" offsetY="13"/>
		<Offset character="w" offsetX="3" offsetY="13"/>
		<Offset character="x" offsetX="3" offsetY="13"/>
		<Offset character="y" offsetX="3" offsetY="13"/>
		<Offset character="z" offsetX="3" offsetY="13"/>
		<Offset character="{" offsetX="3" offsetY="10"/>
		<Offset character="|" offsetX="1" offsetY="10"/>
		<Offset character="}" offsetX="3" offsetY="10"/>
		<Offset character="~" offsetX="1" offsetY="15"/>
		<Offset character="¡" offsetX="1" offsetY="13"/>
		<Offset character="¢" offsetX="3" offsetY="11"/>
		<Offset character="£" offsetX="2" offsetY="10"/>
		<Offset character="¤" offsetX="2" offsetY="10"/>
		<Offset character="¥" offsetX="3" offsetY="10"/>
		<Offset character="¦" offsetX="1" offsetY="10"/>
		<Offset character="§" offsetX="3" offsetY="8"/>
		<Offset character="¨" offsetX="1" offsetY="6"/>
		<Offset character="©" offsetX="2" offsetY="10"/>
		<Offset character="ª" offsetX="3" offsetY="13"/>
		<Offset character="«" offsetX="2" offsetY="11"/>
		<Offset character="¬" offsetX="3" offsetY="16"/>
		<Offset character="­" offsetX="3" offsetY="16"/>
		<Offset character="®" offsetX="2" offsetY="10"/>
		<Offset character="¯" offsetX="3" offsetY="6"/>
		<Offset character="°" offsetX="2" offsetY="10"/>
		<Offset character="±" offsetX="1" offsetY="13"/>
		<Offset character="²" offsetX="3" offsetY="10"/>
		<Offset character="³" offsetX="3" offsetY="10"/>
		<Offset character="´" offsetX="1" offsetY="5"/>
		<Offset character="µ" offsetX="3" offsetY="13"/>
		<Offset character="¶" offsetX="3" offsetY="10"/>
		<Offset character="·" offsetX="2" offsetY="16"/>
		<Offset character="¸" offsetX="1" offsetY="21"/>
		<Offset character="¹" offsetX="1" offsetY="10"/>
		<Offset character="º" offsetX="3" offsetY="13"/>
		<Offset character="»" offsetX="2" offsetY="11"/>
		<Offset character="¼" offsetX="0" offsetY="5"/>
		<Offset character="½" offsetX="0" offsetY="5"/>
		<Offset character="¾" offsetX="0" offsetY="5"/>
		<Offset character="¿" offsetX="3" offsetY="13"/>
		<Offset character="À" offsetX="3" offsetY="5"/>
		<Offset character="Á" offsetX="3" offsetY="5"/>
		<Offset character="Â" offsetX="3" offsetY="5"/>
		<Offset character="Ã" offsetX="3" offsetY="5"/>
		<Offset character="Ä" offsetX="3" offsetY="7"/>
		<Offset character="Å" offsetX="3" offsetY="5"/>
		<Offset character="Æ" offsetX="3" offsetY="10"/>
		<Offset character="Ç" offsetX="3" offsetY="10"/>
		<Offset character="È" offsetX="3" offsetY="5"/>
		<Offset character="É" offsetX="3" offsetY="5"/>
		<Offset character="Ê" offsetX="3" offsetY="5"/>
		<Offset character="Ë" offsetX="3" offsetY="7"/>
		<Offset character="Ì" offsetX="3" offsetY="5"/>
		<Offset character="Í" offsetX="3" offsetY="5"/>
		<Offset character="Î" offsetX="3" offsetY="5"/>
		<Offset character="Ï" offsetX="3" offsetY="7"/>
		<Offset character="Ð" offsetX="2" offsetY="10"/>
		<Offset character="Ñ" offsetX="3" offsetY="5"/>
		<Offset character="Ò" offsetX="3" offsetY="5"/>
		<Offset character="Ó" offsetX="3" offsetY="5"/>
		<Offset character="Ô" offsetX="3" offsetY="5"/>
		<Offset character="Õ" offsetX="3" offsetY="5"/>
		<Offset character="Ö" offsetX="3" offsetY="7"/>
		<Offset character="×" offsetX="1" offsetY="13"/>
		<Offset character="Ø" offsetX="2" offsetY="10"/>
		<Offset character="Ù" offsetX="3" offsetY="5"/>
		<Offset character="Ú" offsetX="3" offsetY="5"/>
		<Offset character="Û" offsetX="3" offsetY="5"/>
		<Offset character="Ü" offsetX="3" offsetY="7"/>
		<Offset character="Ý" offsetX="3" offsetY="5"/>
		<Offset character="Þ" offsetX="3" offsetY="8"/>
		<Offset character="ß" offsetX="3" offsetY="8"/>
		<Offset character="à" offsetX="3" offsetY="8"/>
		<Offset character="á" offsetX="3" offsetY="8"/>
		<Offset character="â" offsetX="3" offsetY="8"/>
		<Offset character="ã" offsetX="3" offsetY="8"/>
		<Offset character="ä" offsetX="3" offsetY="10"/>
		<Offset character="å" offsetX="3" offsetY="8"/>
		<Offset character="æ" offsetX="4" offsetY="13"/>
		<Offset character="ç" offsetX="3" offsetY="13"/>
		<Offset character="è" offsetX="3" offsetY="8"/>
		<Offset character="é" offsetX="3" offsetY="8"/>
		<Offset character="ê" offsetX="3" offsetY="8"/>
		<Offset character="ë" offsetX="3" offsetY="10"/>
		<Offset character="ì" offsetX="-1" offsetY="8"/>
		<Offset character="í" offsetX="1" offsetY="8"/>
		<Offset character="î" offsetX="-1" offsetY="8"/>
		<Offset character="ï" offsetX="-1" offsetY="10"/>
		<Offset character="ð" offsetX="3" offsetY="10"/>
		<Offset character="ñ" offsetX="3" offsetY="8"/>
		<Offset character="ò" offsetX="3" offsetY="8"/>
		<Offset character="ó" offsetX="3" offsetY="8"/>
		<Offset character="ô" offsetX="3" offsetY="8"/>
		<Offset character="õ" offsetX="3" offsetY="8"/>
		<Offset character="ö" offsetX="3" offsetY="10"/>
		<Offset character="÷" offsetX="3" offsetY="13"/>
		<Offset character="ø" offsetX="2" offsetY="13"/>
		<Offset character="ù" offsetX="3" offsetY="8"/>
		<Offset character="ú" offsetX="3" offsetY="8"/>
		<Offset character="û" offsetX="3" offsetY="8"/>
		<Offset character="ü" offsetX="3" offsetY="10"/>
		<Offset character="ý" offsetX="3" offsetY="8"/>
		<Offset character="þ" offsetX="3" offsetY="11"/>
		<Offset character="ÿ" offsetX="3" offsetY="10"/>
	</Offsets>

<Ascent>21</Ascent>
<Height>25</Height>
</XnaContent>